-- insert into user (user_id, email, group_name, nickname, password, profile_image, provider, provider_id, username, role) values (1, 'guri8376@gmail.com', NULL, 'guri', '$2a$10$YdUD4z.bWxeaNnVkwup4eOwUI9oGUaJBZCIlyJfRqCHBVYRKl7vBO', 'http://dummyimage.com/183x100.png/cc0000/ffffff', 'google', '112352185765074384097', 'google_112352185765074384097', 'ROLE_GUEST');
insert into user (user_id, email, group_name, nickname, password, profile_image, provider, provider_id, username, role) values (1, 'tpduq2@gmail.com', NULL, 'tpduq2', '$2a$10$YdUD4z.bWxeaNnVkwup4eOwUI9oGUaJBZCIlyJfRqCHBVYRKl7vBO', 'http://dummyimage.com/183x100.png/cc0000/ffffff', 'google', '114804229247367958726', 'google_114804229247367958726', 'ROLE_GUEST');

insert into board (board_id, user_id, location, title, content, image_url, recruit_end_date, project_period, recruitment_status, view_count, comment_count, created_at, last_modified_at) values (1,  1, 1, 'Aerified', 'clechmere0@hud.gov', 'http://dummyimage.com/183x100.png/cc0000/ffffff', '2024-10-27', '1개월', 'RECRUITING', 0, 0, '2024-10-28', '2024-10-28');
insert into board (board_id, user_id, location, title, content, image_url, recruit_end_date, project_period, recruitment_status, view_count, comment_count, created_at, last_modified_at) values (2,  1, 1, 'Stringtough', 'skenafaque1@nih.gov', 'http://dummyimage.com/209x100.png/dddddd/000000', '2024-10-27', '2개월', 'RECRUITING', 0, 0, '2024-10-27', '2024-10-27');
insert into board (board_id, user_id, location, title, content, image_url, recruit_end_date, project_period, recruitment_status, view_count, comment_count, created_at, last_modified_at) values (3,  1, 1, 'Quo Lux', 'mbryan2@wired.com', 'http://dummyimage.com/185x100.png/5fa2dd/ffffff', '2024-10-27', '3개월', 'RECRUITING', 0, 0,'2024-10-27', '2024-10-27');
insert into board (board_id, user_id, location, title, content, image_url, recruit_end_date, project_period, recruitment_status, view_count, comment_count, created_at, last_modified_at) values (4,  1, 1, 'Zoolab', 'elexa3@va.gov', 'http://dummyimage.com/211x100.png/dddddd/000000', '2024-10-27', '4개월', 'RECRUITING', 0, 0,'2024-10-29', '2024-10-29');
insert into board (board_id, user_id, location, title, content, image_url, recruit_end_date, project_period, recruitment_status, view_count, comment_count, created_at, last_modified_at) values (6,  1, 1, 'Duobam', 'kmckenny4@msn.com', 'http://dummyimage.com/172x100.png/cc0000/ffffff', '2024-10-27', '5개월', 'RECRUITING', 0, 0,'2024-10-30', '2024-10-30');
insert into board (board_id, user_id, location, title, content, image_url, recruit_end_date, project_period, recruitment_status, view_count, comment_count, created_at, last_modified_at) values (5,  1, 1, 'Duobam', 'kmckenny4@msn.com', 'http://dummyimage.com/172x100.png/cc0000/ffffff', '2024-10-27', '5개월', 'RECRUITING', 0, 0,'2024-10-30', '2024-10-30');
insert into board (board_id, user_id, location, title, content, image_url, recruit_end_date, project_period, recruitment_status, view_count, comment_count, created_at, last_modified_at) values (7,  1, 1, 'Duobam', 'kmckenny4@msn.com', 'http://dummyimage.com/172x100.png/cc0000/ffffff', '2024-10-27', '5개월', 'RECRUITING', 0, 0,'2024-10-30', '2024-10-30');
insert into board (board_id, user_id, location, title, content, image_url, recruit_end_date, project_period, recruitment_status, view_count, comment_count, created_at, last_modified_at) values (8,  1, 1, 'Duobam', 'kmckenny4@msn.com', 'http://dummyimage.com/172x100.png/cc0000/ffffff', '2024-10-27', '5개월', 'RECRUITING', 0, 0,'2024-10-30', '2024-10-30');
insert into board (board_id, user_id, location, title, content, image_url, recruit_end_date, project_period, recruitment_status, view_count, comment_count, created_at, last_modified_at) values (9,  1, 1, 'Duobam', 'kmckenny4@msn.com', 'http://dummyimage.com/172x100.png/cc0000/ffffff', '2024-10-27', '5개월', 'RECRUITING', 0, 0,'2024-10-30', '2024-10-30');
insert into board (board_id, user_id, location, title, content, image_url, recruit_end_date, project_period, recruitment_status, view_count, comment_count, created_at, last_modified_at) values (10, 1, 1, 'Duobam', 'kmckenny4@msn.com', 'http://dummyimage.com/172x100.png/cc0000/ffffff', '2024-10-27', '5개월', 'RECRUITING', 0, 0,'2024-10-30', '2024-10-30');
insert into board (board_id, user_id, location, title, content, image_url, recruit_end_date, project_period, recruitment_status, view_count, comment_count, created_at, last_modified_at) values (11, 1, 1, 'Duobam', 'kmckenny4@msn.com', 'http://dummyimage.com/172x100.png/cc0000/ffffff', '2024-10-27', '5개월', 'RECRUITING', 0, 0,'2024-10-30', '2024-10-30');
insert into board (board_id, user_id, location, title, content, image_url, recruit_end_date, project_period, recruitment_status, view_count, comment_count, created_at, last_modified_at) values (12, 1, 1, 'Duobam', 'kmckenny4@msn.com', 'http://dummyimage.com/172x100.png/cc0000/ffffff', '2024-10-27', '5개월', 'RECRUITING', 0, 0,'2024-10-30', '2024-10-30');
insert into board (board_id, user_id, location, title, content, image_url, recruit_end_date, project_period, recruitment_status, view_count, comment_count, created_at, last_modified_at) values (14, 1, 1, 'Duobam', 'kmckenny4@msn.com', 'http://dummyimage.com/172x100.png/cc0000/ffffff', '2024-10-27', '5개월', 'RECRUITING', 0, 0,'2024-10-30', '2024-10-30');
insert into board (board_id, user_id, location, title, content, image_url, recruit_end_date, project_period, recruitment_status, view_count, comment_count, created_at, last_modified_at) values (13, 1, 1, 'Duobam', 'kmckenny4@msn.com', 'http://dummyimage.com/172x100.png/cc0000/ffffff', '2024-10-27', '5개월', 'RECRUITING', 0, 0,'2024-10-30', '2024-10-30');
insert into board (board_id, user_id, location, title, content, image_url, recruit_end_date, project_period, recruitment_status, view_count, comment_count, created_at, last_modified_at) values (15, 1, 1, 'Duobam', 'kmckenny4@msn.com', 'http://dummyimage.com/172x100.png/cc0000/ffffff', '2024-10-27', '5개월', 'RECRUITING', 0, 0,'2024-10-30', '2024-10-30');
insert into board (board_id, user_id, location, title, content, image_url, recruit_end_date, project_period, recruitment_status, view_count, comment_count, created_at, last_modified_at) values (16, 1, 1, 'Duobam', 'kmckenny4@msn.com', 'http://dummyimage.com/172x100.png/cc0000/ffffff', '2024-10-27', '5개월', 'RECRUITING', 0, 0,'2024-10-30', '2024-10-30');
insert into board (board_id, user_id, location, title, content, image_url, recruit_end_date, project_period, recruitment_status, view_count, comment_count, created_at, last_modified_at) values (17, 1, 1, 'Duobam', 'kmckenny4@msn.com', 'http://dummyimage.com/172x100.png/cc0000/ffffff', '2024-10-27', '5개월', 'RECRUITING', 0, 0,'2024-10-30', '2024-10-30');
insert into board (board_id, user_id, location, title, content, image_url, recruit_end_date, project_period, recruitment_status, view_count, comment_count, created_at, last_modified_at) values (18, 1, 1, 'Duobam', 'kmckenny4@msn.com', 'http://dummyimage.com/172x100.png/cc0000/ffffff', '2024-10-27', '5개월', 'RECRUITING', 0, 0,'2024-10-30', '2024-10-30');
insert into board (board_id, user_id, location, title, content, image_url, recruit_end_date, project_period, recruitment_status, view_count, comment_count, created_at, last_modified_at) values (19, 1, 1, 'Duobam', 'kmckenny4@msn.com', 'http://dummyimage.com/172x100.png/cc0000/ffffff', '2024-10-27', '5개월', 'RECRUITING', 0, 0,'2024-10-30', '2024-10-30');
insert into board (board_id, user_id, location, title, content, image_url, recruit_end_date, project_period, recruitment_status, view_count, comment_count, created_at, last_modified_at) values (20, 1, 1, 'Duobam', 'kmckenny4@msn.com', 'http://dummyimage.com/172x100.png/cc0000/ffffff', '2024-10-27', '5개월', 'RECRUITING', 0, 0,'2024-10-30', '2024-10-30');
insert into board (board_id, user_id, location, title, content, image_url, recruit_end_date, project_period, recruitment_status, view_count, comment_count, created_at, last_modified_at) values (21, 1, 1, 'Duobam', 'kmckenny4@msn.com', 'http://dummyimage.com/172x100.png/cc0000/ffffff', '2024-10-27', '5개월', 'RECRUITING', 0, 0,'2024-10-30', '2024-10-30');
insert into board (board_id, user_id, location, title, content, image_url, recruit_end_date, project_period, recruitment_status, view_count, comment_count, created_at, last_modified_at) values (22, 1, 1, 'Duobam', 'kmckenny4@msn.com', 'http://dummyimage.com/172x100.png/cc0000/ffffff', '2024-10-27', '5개월', 'RECRUITING', 0, 0,'2024-10-30', '2024-10-30');
insert into board (board_id, user_id, location, title, content, image_url, recruit_end_date, project_period, recruitment_status, view_count, comment_count, created_at, last_modified_at) values (23, 1, 1, 'Duobam', 'kmckenny4@msn.com', 'http://dummyimage.com/172x100.png/cc0000/ffffff', '2024-10-27', '5개월', 'RECRUITING', 0, 0,'2024-10-30', '2024-10-30');
insert into board (board_id, user_id, location, title, content, image_url, recruit_end_date, project_period, recruitment_status, view_count, comment_count, created_at, last_modified_at) values (24, 1, 1, 'Duobam', 'kmckenny4@msn.com', 'http://dummyimage.com/172x100.png/cc0000/ffffff', '2024-10-27', '5개월', 'RECRUITING', 0, 0,'2024-10-30', '2024-10-30');
insert into board (board_id, user_id, location, title, content, image_url, recruit_end_date, project_period, recruitment_status, view_count, comment_count, created_at, last_modified_at) values (25, 1, 1, 'Duobam', 'kmckenny4@msn.com', 'http://dummyimage.com/172x100.png/cc0000/ffffff', '2024-10-27', '5개월', 'RECRUITING', 0, 0,'2024-10-30', '2024-10-30');
insert into board (board_id, user_id, location, title, content, image_url, recruit_end_date, project_period, recruitment_status, view_count, comment_count, created_at, last_modified_at) values (26, 1, 1, 'Duobam', 'kmckenny4@msn.com', 'http://dummyimage.com/172x100.png/cc0000/ffffff', '2024-10-27', '5개월', 'RECRUITING', 0, 0,'2024-10-30', '2024-10-30');
insert into board (board_id, user_id, location, title, content, image_url, recruit_end_date, project_period, recruitment_status, view_count, comment_count, created_at, last_modified_at) values (27, 1, 1, 'Duobam', 'kmckenny4@msn.com', 'http://dummyimage.com/172x100.png/cc0000/ffffff', '2024-10-27', '5개월', 'RECRUITING', 0, 0,'2024-10-30', '2024-10-30');
insert into board (board_id, user_id, location, title, content, image_url, recruit_end_date, project_period, recruitment_status, view_count, comment_count, created_at, last_modified_at) values (28, 1, 1, 'Duobam', 'kmckenny4@msn.com', 'http://dummyimage.com/172x100.png/cc0000/ffffff', '2024-10-27', '5개월', 'RECRUITING', 0, 0,'2024-10-30', '2024-10-30');
insert into board (board_id, user_id, location, title, content, image_url, recruit_end_date, project_period, recruitment_status, view_count, comment_count, created_at, last_modified_at) values (29, 1, 1, 'Duobam', 'kmckenny4@msn.com', 'http://dummyimage.com/172x100.png/cc0000/ffffff', '2024-10-27', '5개월', 'RECRUITING', 0, 0,'2024-10-30', '2024-10-30');
insert into board (board_id, user_id, location, title, content, image_url, recruit_end_date, project_period, recruitment_status, view_count, comment_count, created_at, last_modified_at) values (30, 1, 1, 'Duobam', 'kmckenny4@msn.com', 'http://dummyimage.com/172x100.png/cc0000/ffffff', '2024-10-27', '5개월', 'RECRUITING', 0, 0,'2024-10-30', '2024-10-30');

insert into tech_stack (tech_stack_id, tech_stack_name, image_url, tech_stack_category) values (1, 'Java', 'https://06171002myawsbucket.s3.ap-northeast-2.amazonaws.com/b80f36ad-d71e-4572-9455-c819cf0955e8.svg', 'backEnd');
insert into tech_stack (tech_stack_id, tech_stack_name, image_url, tech_stack_category) values (2, 'Spring', 'https://06171002myawsbucket.s3.ap-northeast-2.amazonaws.com/33588b7c-cff6-400f-8f2d-ac8bada5850f.svg', 'backEnd');
insert into tech_stack (tech_stack_id, tech_stack_name, image_url, tech_stack_category) values (3, 'React', 'https://06171002myawsbucket.s3.ap-northeast-2.amazonaws.com/b6b5e54c-6f33-47fb-b7da-c66cafc5de37.svg', 'frontEnd');
insert into tech_stack (tech_stack_id, tech_stack_name, image_url, tech_stack_category) values (4, 'Vue.js', 'https://06171002myawsbucket.s3.ap-northeast-2.amazonaws.com/47a2e0bf-4bd8-4512-ac63-1cf1d5d872a9.svg', 'frontEnd');
insert into tech_stack (tech_stack_id, tech_stack_name, image_url, tech_stack_category) values (5, 'Aws', 'https://06171002myawsbucket.s3.ap-northeast-2.amazonaws.com/6bba16bc-11f5-4660-be68-f3660cfb87b4.svg', 'etc');
insert into tech_stack (tech_stack_id, tech_stack_name, image_url, tech_stack_category) values (6, 'Django', 'https://06171002myawsbucket.s3.ap-northeast-2.amazonaws.com/914078e1-66df-4328-ab94-ac319a9295b3.svg', 'backEnd');
insert into tech_stack (tech_stack_id, tech_stack_name, image_url, tech_stack_category) values (7, 'Figma', 'https://06171002myawsbucket.s3.ap-northeast-2.amazonaws.com/05a2cdcf-0ef8-4734-a90a-b0a497852189.svg', 'etc');
insert into tech_stack (tech_stack_id, tech_stack_name, image_url, tech_stack_category) values (8, 'Docker', 'https://06171002myawsbucket.s3.ap-northeast-2.amazonaws.com/58e306f4-e1cb-4f50-803a-539baf1c776c.svg', 'etc');
insert into tech_stack (tech_stack_id, tech_stack_name, image_url, tech_stack_category) values (9, 'Express', 'https://06171002myawsbucket.s3.ap-northeast-2.amazonaws.com/3e1a6773-6b5c-43a0-9e65-a9adf4c5c774.svg', 'backEnd');
insert into tech_stack (tech_stack_id, tech_stack_name, image_url, tech_stack_category) values (10, 'Firebase', 'https://06171002myawsbucket.s3.ap-northeast-2.amazonaws.com/cafa2f8e-0fc4-417a-8a60-3a4a606463b9.svg', 'backEnd');
insert into tech_stack (tech_stack_id, tech_stack_name, image_url, tech_stack_category) values (11, 'Flutter', 'https://06171002myawsbucket.s3.ap-northeast-2.amazonaws.com/0ec9077c-ccaf-4cd8-98cb-03b4be425a35.svg', 'mobile');
insert into tech_stack (tech_stack_id, tech_stack_name, image_url, tech_stack_category) values (12, 'Git', 'https://06171002myawsbucket.s3.ap-northeast-2.amazonaws.com/42233e04-0d89-43e7-a0a7-e0b0819e3d4f.svg', 'etc');
insert into tech_stack (tech_stack_id, tech_stack_name, image_url, tech_stack_category) values (13, 'Go', 'https://06171002myawsbucket.s3.ap-northeast-2.amazonaws.com/4b94c210-9a17-4248-93af-f7d44af06b71.svg', 'backEnd');
insert into tech_stack (tech_stack_id, tech_stack_name, image_url, tech_stack_category) values (14, 'GraphQL', 'https://06171002myawsbucket.s3.ap-northeast-2.amazonaws.com/47f213f8-bec4-4b57-a461-849a257cfb6c.svg', 'backEnd');
insert into tech_stack (tech_stack_id, tech_stack_name, image_url, tech_stack_category) values (15, 'Javascript', 'https://06171002myawsbucket.s3.ap-northeast-2.amazonaws.com/271ffa21-9bd9-4295-8d75-249fdac8f3d3.svg', 'frontEnd');
insert into tech_stack (tech_stack_id, tech_stack_name, image_url, tech_stack_category) values (16, 'Jest', 'https://06171002myawsbucket.s3.ap-northeast-2.amazonaws.com/1e3c3cb7-a942-4ced-a52f-ce374a7dcd2d.svg', 'etc');
insert into tech_stack (tech_stack_id, tech_stack_name, image_url, tech_stack_category) values (17, 'Kotlin', 'https://06171002myawsbucket.s3.ap-northeast-2.amazonaws.com/f0d5fe2e-d708-49fc-944f-e121ce9aa49a.svg', 'backEnd');
insert into tech_stack (tech_stack_id, tech_stack_name, image_url, tech_stack_category) values (18, 'Kubernetes', 'https://06171002myawsbucket.s3.ap-northeast-2.amazonaws.com/f1db4a67-3581-46e7-b01c-fb5ee4249ab4.svg', 'etc');
insert into tech_stack (tech_stack_id, tech_stack_name, image_url, tech_stack_category) values (19, 'MongoDB', 'https://06171002myawsbucket.s3.ap-northeast-2.amazonaws.com/bd580b1b-815c-4689-9921-a2954f62fcc1.svg', 'backEnd');
insert into tech_stack (tech_stack_id, tech_stack_name, image_url, tech_stack_category) values (20, 'MySQL', 'https://06171002myawsbucket.s3.ap-northeast-2.amazonaws.com/bfcf512e-36cb-49d6-92ee-622dc880630f.svg', 'backEnd');
insert into tech_stack (tech_stack_id, tech_stack_name, image_url, tech_stack_category) values (21, 'Nest.js', 'https://06171002myawsbucket.s3.ap-northeast-2.amazonaws.com/ee1beed7-cbfa-4cda-8f83-0971ac6687ba.svg', 'backEnd');
insert into tech_stack (tech_stack_id, tech_stack_name, image_url, tech_stack_category) values (22, 'Next.js', 'https://06171002myawsbucket.s3.ap-northeast-2.amazonaws.com/b6a18277-b6a6-45a0-901e-696e1baec9da.svg', 'frontEnd');
insert into tech_stack (tech_stack_id, tech_stack_name, image_url, tech_stack_category) values (23, 'Node.js', 'https://06171002myawsbucket.s3.ap-northeast-2.amazonaws.com/4851dd5e-d229-48c7-be1b-73659255c0b2.svg', 'backEnd');
insert into tech_stack (tech_stack_id, tech_stack_name, image_url, tech_stack_category) values (24, 'Php', 'https://06171002myawsbucket.s3.ap-northeast-2.amazonaws.com/8669a54e-d6b9-4a0f-b8c1-8e85d0a1a279.svg', 'backEnd');
insert into tech_stack (tech_stack_id, tech_stack_name, image_url, tech_stack_category) values (25, 'Python', 'https://06171002myawsbucket.s3.ap-northeast-2.amazonaws.com/5faccf8d-8a12-465e-8034-44011b3748e4.svg', 'backEnd');
insert into tech_stack (tech_stack_id, tech_stack_name, image_url, tech_stack_category) values (26, 'ReactNative', 'https://06171002myawsbucket.s3.ap-northeast-2.amazonaws.com/5b77ed9f-7e71-4106-b0ae-d935de44be5c.svg', 'frontEnd');
insert into tech_stack (tech_stack_id, tech_stack_name, image_url, tech_stack_category) values (27, 'Svelte', 'https://06171002myawsbucket.s3.ap-northeast-2.amazonaws.com/d3d28f8a-2066-44d6-8ec8-a031c95d9d99.svg', 'frontEnd');
insert into tech_stack (tech_stack_id, tech_stack_name, image_url, tech_stack_category) values (28, 'Swift', 'https://06171002myawsbucket.s3.ap-northeast-2.amazonaws.com/b3175579-0102-41ad-9d66-5bac87f9c303.svg', 'mobile');
insert into tech_stack (tech_stack_id, tech_stack_name, image_url, tech_stack_category) values (29, 'TypeScript', 'https://06171002myawsbucket.s3.ap-northeast-2.amazonaws.com/5d681438-feb8-4458-b362-bca19cb9a0af.svg', 'frontEnd');
insert into tech_stack (tech_stack_id, tech_stack_name, image_url, tech_stack_category) values (30, 'Unity', 'https://06171002myawsbucket.s3.ap-northeast-2.amazonaws.com/5d9ef543-0e11-4357-a4d0-a9e29e5073c5.svg', 'mobile');

insert into position (position_id, position_name, position_name_korean) values (1, 'FrontEnd', '프론트엔드');
insert into position (position_id, position_name, position_name_korean) values (2, 'BackEnd', '백엔드');
insert into position (position_id, position_name, position_name_korean) values (3, 'Designer', '디자이너');
insert into position (position_id, position_name, position_name_korean) values (4, 'Project Manager', '프로젝트 매니저');
insert into position (position_id, position_name, position_name_korean) values (5, 'DevOps Engineer', '데브옵스 엔지니어');
insert into position (position_id, position_name, position_name_korean) values (6, 'Android Developer', '안드로이드 개발자');
insert into position (position_id, position_name, position_name_korean) values (7, 'IOS Developer', 'IOS 개발자');
insert into position (position_id, position_name, position_name_korean) values (8, 'Cross Platform Developer', '크로스 플랫폼 개발자');
insert into position (position_id, position_name, position_name_korean) values (9, 'Planner', '기획자');

insert into board_position (board_position_id, board_id, position_id, required_count, current_count) values (1, 1, 1, 1, 0);
insert into board_position (board_position_id, board_id, position_id, required_count, current_count) values (2, 2, 2, 1, 0);
insert into board_position (board_position_id, board_id, position_id, required_count, current_count) values (3, 3, 3, 1, 0);
insert into board_position (board_position_id, board_id, position_id, required_count, current_count) values (4, 4, 4, 1, 0);
insert into board_position (board_position_id, board_id, position_id, required_count, current_count) values (5, 5, 5, 1, 0);
insert into board_position (board_position_id, board_id, position_id, required_count, current_count) values (6, 6, 6, 1, 0);
insert into board_position (board_position_id, board_id, position_id, required_count, current_count) values (7, 7, 7, 1, 0);
insert into board_position (board_position_id, board_id, position_id, required_count, current_count) values (8, 8, 8, 1, 0);
insert into board_position (board_position_id, board_id, position_id, required_count, current_count) values (9, 9, 9, 1, 0);
insert into board_position (board_position_id, board_id, position_id, required_count, current_count) values (10, 10, 2, 1, 0);
insert into board_position (board_position_id, board_id, position_id, required_count, current_count) values (11, 11, 2, 1, 0);
insert into board_position (board_position_id, board_id, position_id, required_count, current_count) values (12, 12, 2, 1, 0);
insert into board_position (board_position_id, board_id, position_id, required_count, current_count) values (13, 13, 2, 1, 0);
insert into board_position (board_position_id, board_id, position_id, required_count, current_count) values (14, 14, 2, 1, 0);
insert into board_position (board_position_id, board_id, position_id, required_count, current_count) values (15, 15, 2, 1, 0);
insert into board_position (board_position_id, board_id, position_id, required_count, current_count) values (16, 16, 2, 1, 0);
insert into board_position (board_position_id, board_id, position_id, required_count, current_count) values (17, 17, 2, 1, 0);
insert into board_position (board_position_id, board_id, position_id, required_count, current_count) values (18, 18, 2, 1, 0);
insert into board_position (board_position_id, board_id, position_id, required_count, current_count) values (19, 19, 2, 1, 0);
insert into board_position (board_position_id, board_id, position_id, required_count, current_count) values (20, 20, 2, 1, 0);
insert into board_position (board_position_id, board_id, position_id, required_count, current_count) values (21, 21, 2, 1, 0);
insert into board_position (board_position_id, board_id, position_id, required_count, current_count) values (22, 22, 2, 1, 0);
insert into board_position (board_position_id, board_id, position_id, required_count, current_count) values (23, 23, 2, 1, 0);
insert into board_position (board_position_id, board_id, position_id, required_count, current_count) values (24, 24, 2, 1, 0);
insert into board_position (board_position_id, board_id, position_id, required_count, current_count) values (25, 25, 2, 1, 0);
insert into board_position (board_position_id, board_id, position_id, required_count, current_count) values (26, 26, 2, 1, 0);
insert into board_position (board_position_id, board_id, position_id, required_count, current_count) values (27, 27, 2, 1, 0);
insert into board_position (board_position_id, board_id, position_id, required_count, current_count) values (28, 28, 2, 1, 0);
insert into board_position (board_position_id, board_id, position_id, required_count, current_count) values (29, 29, 2, 1, 0);
insert into board_position (board_position_id, board_id, position_id, required_count, current_count) values (30, 30, 2, 1, 0);

insert into board_tech_stack (board_id, tech_stack_id) values (1,1);
insert into board_tech_stack (board_id, tech_stack_id) values (2,2);
insert into board_tech_stack (board_id, tech_stack_id) values (3,3);
insert into board_tech_stack (board_id, tech_stack_id) values (4,4);
insert into board_tech_stack (board_id, tech_stack_id) values (5,5);
insert into board_tech_stack (board_id, tech_stack_id) values (6,6);
insert into board_tech_stack (board_id, tech_stack_id) values (7,7);
insert into board_tech_stack (board_id, tech_stack_id) values (8,8);
insert into board_tech_stack (board_id, tech_stack_id) values (9,9);
insert into board_tech_stack (board_id, tech_stack_id) values (10,10);
insert into board_tech_stack (board_id, tech_stack_id) values (11,11);
insert into board_tech_stack (board_id, tech_stack_id) values (12,12);
insert into board_tech_stack (board_id, tech_stack_id) values (13,13);
insert into board_tech_stack (board_id, tech_stack_id) values (14,14);
insert into board_tech_stack (board_id, tech_stack_id) values (15,15);
insert into board_tech_stack (board_id, tech_stack_id) values (16,16);
insert into board_tech_stack (board_id, tech_stack_id) values (17,17);
insert into board_tech_stack (board_id, tech_stack_id) values (18,18);
insert into board_tech_stack (board_id, tech_stack_id) values (19,19);
insert into board_tech_stack (board_id, tech_stack_id) values (20,20);
insert into board_tech_stack (board_id, tech_stack_id) values (21,21);
insert into board_tech_stack (board_id, tech_stack_id) values (22,22);
insert into board_tech_stack (board_id, tech_stack_id) values (23,23);
insert into board_tech_stack (board_id, tech_stack_id) values (24,24);
insert into board_tech_stack (board_id, tech_stack_id) values (25,25);
insert into board_tech_stack (board_id, tech_stack_id) values (26,26);
insert into board_tech_stack (board_id, tech_stack_id) values (27,27);
insert into board_tech_stack (board_id, tech_stack_id) values (28,28);
insert into board_tech_stack (board_id, tech_stack_id) values (29,29);
insert into board_tech_stack (board_id, tech_stack_id) values (30,30);

insert into comment (comment_id, user_id, board_id, content, created_at, last_modified_at) values (1, 1, 1, 'Integer tincidunt ante vel ipsum. Praesent blandit lacinia erat. Vestibulum sed magna at nunc commodo placerat.', '2024-10-27 23:16:53.889355', '2024-10-27 23:16:53.889355');
insert into comment (comment_id, user_id, board_id, content, created_at, last_modified_at) values (2, 1, 1, 'Morbi non lectus. Aliquam sit amet diam in magna bibendum imperdiet. Nullam orci pede, venenatis non, sodales sed, tincidunt eu, felis.', '2024-10-27 23:16:54.889355', '2024-10-27 23:16:54.889355');
insert into comment (comment_id, user_id, board_id, content, created_at, last_modified_at) values (3, 1, 1, 'Duis consequat dui nec nisi volutpat eleifend. Donec ut dolor. Morbi vel lectus in quam fringilla rhoncus.', '2024-10-27 23:16:55.889355', '2024-10-27 23:16:55.889355');
insert into comment (comment_id, user_id, board_id, content, created_at, last_modified_at) values (4, 1, 1, 'Maecenas leo odio, condimentum id, luctus nec, molestie sed, justo. Pellentesque viverra pede ac diam. Cras pellentesque volutpat dui.', '2024-10-27 23:16:56.889355', '2024-10-27 23:16:56.889355');
insert into comment (comment_id, user_id, board_id, content, created_at, last_modified_at) values (5, 1, 1, 'Nullam porttitor lacus at turpis. Donec posuere metus vitae ipsum. Aliquam non mauris.', '2024-10-27 23:16:57.889355', '2024-10-27 23:16:57.889355');
insert into comment (comment_id, user_id, board_id, content, created_at, last_modified_at) values (6, 1, 2, 'Mauris enim leo, rhoncus sed, vestibulum sit amet, cursus id, turpis.', '2024-10-27 23:16:58.889355', '2024-10-27 23:16:58.889355');
insert into comment (comment_id, user_id, board_id, content, created_at, last_modified_at) values (7, 1, 2, 'Morbi porttitor lorem id ligula. Suspendisse ornare consequat lectus. In est risus, auctor sed, tristique in, tempus sit amet, sem.', '2024-10-27 23:16:59.889355', '2024-10-27 23:16:59.889355');
insert into comment (comment_id, user_id, board_id, content, created_at, last_modified_at) values (8, 1, 2, 'Maecenas tristique, est et tempus semper, est quam pharetra magna, ac consequat metus sapien ut nunc. Vestibulum ante ipsum primis in faucibus orci luctus et ultrices posuere cubilia Curae; Mauris viverra diam vitae quam. Suspendisse potenti.', '2024-10-27 23:17:00.889355', '2024-10-27 23:17:00.889355');
insert into comment (comment_id, user_id, board_id, content, created_at, last_modified_at) values (9, 1, 2, 'Vestibulum ac est lacinia nisi venenatis tristique. Fusce congue, diam id ornare imperdiet, sapien urna pretium nisl, ut volutpat sapien arcu sed augue. Aliquam erat volutpat.', '2024-10-27 23:17:01.889355', '2024-10-27 23:17:01.889355');
insert into comment (comment_id, user_id, board_id, content, created_at, last_modified_at) values (10, 1, 2, 'Duis aliquam convallis nunc. Proin at turpis a pede posuere nonummy. Integer non velit.', '2024-10-27 23:17:02.889355', '2024-10-27 23:17:02.889355');

insert into user_position (user_position_id, user_id, position_id) values (1, 1, 1);
insert into user_position (user_position_id, user_id, position_id) values (2, 1, 2);
insert into user_position (user_position_id, user_id, position_id) values (3, 1, 3);
insert into user_position (user_position_id, user_id, position_id) values (4, 1, 4);
insert into user_position (user_position_id, user_id, position_id) values (5, 1, 5);

insert into user_tech_stack (user_tech_stack_id, user_id, tech_stack_id) values (1, 1, 1);
insert into user_tech_stack (user_tech_stack_id, user_id, tech_stack_id) values (2, 1, 2);
insert into user_tech_stack (user_tech_stack_id, user_id, tech_stack_id) values (3, 1, 3);
insert into user_tech_stack (user_tech_stack_id, user_id, tech_stack_id) values (4, 1, 4);
insert into user_tech_stack (user_tech_stack_id, user_id, tech_stack_id) values (5, 1, 5);

-- DDL: 게시글 당 댓글 2개, 포지션